{
  "centroid_lat": 39.37104539797019,
  "centroid_lon": 53.69022158467777,
  "source_lat": 39.33380134723225,
  "source_lon": 53.98835010973785,
  "distance_km": 25.98858787395151,
  "n_top_pixels": 3441,
  "top_fraction_for_source": 0.05,
  "centroid_u10_ms": 6.93477555313595,
  "source_u10_ms": 6.840355653706885,
  "delta_u10_ms": -0.09441989942906481,
  "centroid_u_eff_ms": 2.5365486888790993,
  "source_u_eff_ms": 2.5228397264386833,
  "centroid_q_t_hr": 23.404806417186464,
  "source_q_t_hr": 23.27831343343057,
  "delta_q_t_hr": -0.12649298375589524,
  "relative_delta_q": 0.005404572953998446,
  "material_change": false,
  "material_threshold": 0.1,
  "centroid_era5_grid_lat": 39.25,
  "centroid_era5_grid_lon": 53.75,
  "source_era5_grid_lat": 39.25,
  "source_era5_grid_lon": 54.0,
  "era5_reuse_note": "Source S recomputed from the v2 enhancement (offline geometry: top-5% upwind CC pixels). ERA5 wind at S carried from the NASA-k run \u2014 S stays in the same 0.25\u00b0 grid cell (asserted), so the wind is identical by construction."
}