{
  "centroid_lat": 39.37139501691728,
  "centroid_lon": 53.690483402895126,
  "source_lat": 39.343310851273706,
  "source_lon": 53.98627293651168,
  "distance_km": 25.64560688658468,
  "n_top_pixels": 3420,
  "top_fraction_for_source": 0.05,
  "centroid_u10_ms": 6.93477555313595,
  "source_u10_ms": 6.840355653706885,
  "delta_u10_ms": -0.09441989942906481,
  "centroid_u_eff_ms": 2.5365486888790993,
  "source_u_eff_ms": 2.5228397264386833,
  "centroid_q_t_hr": 27.08605196493112,
  "source_q_t_hr": 26.93966342105086,
  "delta_q_t_hr": -0.1463885438802599,
  "relative_delta_q": 0.005404572953998325,
  "material_change": false,
  "material_threshold": 0.1,
  "centroid_era5_grid_lat": 39.25,
  "centroid_era5_grid_lon": 53.75,
  "source_era5_grid_lat": 39.25,
  "source_era5_grid_lon": 54.0
}