{
  "centroid_lat": 32.35394791511097,
  "centroid_lon": -104.0820619484131,
  "source_lat": 32.347525514133544,
  "source_lon": -104.08781175434798,
  "distance_km": 0.8963783193309396,
  "n_top_pixels": 7,
  "top_fraction_for_source": 0.05,
  "centroid_u10_ms": 3.5770869034018995,
  "source_u10_ms": 3.5770869034018995,
  "delta_u10_ms": 0.0,
  "centroid_grid_lat": 32.25,
  "centroid_grid_lon": -104.0,
  "source_grid_lat": 32.25,
  "source_grid_lon": -104.0,
  "centroid_u_eff_ms": 1.8745487550340112,
  "source_u_eff_ms": 1.8745487550340112,
  "centroid_q_t_hr": 0.8505414104249462,
  "source_q_t_hr": 0.8505414104249462,
  "delta_q_t_hr": 0.0,
  "relative_delta_q": 0.0,
  "material_change": false,
  "material_threshold": 0.1,
  "note": "Source S = mean of the top-5% upwind footprint pixels; ERA5 wind re-fetched at S (re-run, not assumed). Goturdepe's 0.5% was scene-specific."
}