{
  "plume_cc_label": 1213,
  "plume_cc_total_pixels": 68382,
  "ribbon_lon_max": 53.88,
  "ribbon_n_pixels": 59554,
  "ribbon_our_sum_ppmm": 19575532.462695874,
  "ribbon_our_mean_ppmm": 328.70222760345024,
  "ribbon_our_median_ppmm": 314.6829039169978,
  "ribbon_our_p95_ppmm": 955.7674854543877,
  "ribbon_nasa_mean_ppmm": 201.24617763278005,
  "ribbon_nasa_median_ppmm": 191.6726303100586,
  "ribbon_nasa_p95_ppmm": 725.3215942382812,
  "ribbon_our_nasa_pearson": 0.5430240217988177,
  "tail_lon_min": 53.88,
  "tail_n_pixels": 8828,
  "tail_our_sum_ppmm": 2481225.637133062,
  "tail_our_mean_ppmm": 281.0631668705326,
  "tail_our_median_ppmm": 284.06991016278033,
  "tail_our_p95_ppmm": 968.0129452238872,
  "tail_nasa_mean_ppmm": 145.27261212880006,
  "tail_nasa_median_ppmm": 147.85275268554688,
  "tail_nasa_p95_ppmm": 685.1295776367183,
  "tail_our_nasa_pearson": 0.4282226524482973,
  "plume_total_ppmm_pixel": 22056758.099828936,
  "tail_mass_fraction_of_plume": 0.11249276189651394,
  "streak_bbox": {
    "min_lon": 53.4,
    "max_lon": 53.75,
    "min_lat": 39.46,
    "max_lat": 39.53
  },
  "streak_n_pixels_in_bbox": 83334,
  "streak_our_mean_ppmm": 206.37019657374256,
  "streak_our_median_ppmm": 160.42756443567777,
  "streak_our_p95_ppmm": 1183.240811971374,
  "streak_our_p99_ppmm": 1690.3337815109785,
  "streak_nasa_mean_ppmm": 103.04870154727399,
  "streak_nasa_median_ppmm": 70.80633926391602,
  "streak_nasa_p95_ppmm": 825.309326171875,
  "streak_nasa_p99_ppmm": 1209.0362768554687,
  "streak_our_nasa_pearson": 0.6823394124775024,
  "streak_our_nasa_ratio_p95": 1.433693736940709,
  "raw_streak_n_pixels": 55679,
  "raw_streak_high_n_pixels": 26233,
  "raw_streak_high_crosstrack_p5": 807,
  "raw_streak_high_crosstrack_p50": 964,
  "raw_streak_high_crosstrack_p95": 1094,
  "raw_streak_high_crosstrack_iqr_fraction": 0.23107890499194847,
  "raw_streak_high_crosstrack_top5_columns": [
    1040,
    974,
    1049,
    1042,
    1030
  ],
  "raw_streak_high_crosstrack_top5_pct": [
    0.43456714824838943,
    0.41550718560591615,
    0.41169519307742153,
    0.41169519307742153,
    0.4078832005489269
  ],
  "raw_streak_high_crosstrack_distinct_cols": 377
}